{
	"class_name" : "PinholeCameraParameters",
	"extrinsic" : 
	[
		-0.26244328926954358,
		-0.61479292730192636,
		0.74374268161569901,
		0.0,
		0.946806482824055,
		-0.31281733641780679,
		0.075516873073581223,
		0.0,
		0.18622836518566485,
		0.72399928907147215,
		0.66418673987386834,
		0.0,
		-0.10388526800938588,
		-0.3156162245610078,
		-0.16061970322342947,
		1.0
	],
	"intrinsic" : 
	{
		"height" : 1080,
		"intrinsic_matrix" : 
		[
			935.30743608719376,
			0.0,
			0.0,
			0.0,
			935.30743608719376,
			0.0,
			959.5,
			539.5,
			1.0
		],
		"width" : 1920
	},
	"version_major" : 1,
	"version_minor" : 0
}